{"cameraMode":{"drawMode":0,"name":"Shaded","section":"Shading Mode"},"sceneLighting":true,"audioPlay":false,"sceneViewState":{"m_AlwaysRefresh":false,"showFog":true,"showSkybox":true,"showFlares":true,"showImageEffects":true,"showParticleSystems":true,"showVisualEffectGraphs":true,"m_FxEnabled":true},"in2DMode":false,"pivot":{"x":-0.4289516806602478,"y":3.0013275146484377,"z":1.312319278717041},"rotation":{"x":-0.003247377462685108,"y":0.19287993013858796,"z":-0.0006383481668308377,"w":-0.9812169075012207},"size":3.0205612182617189,"orthographic":false}